currentLocation,educationLevel,n
POINT (-1033.1767361471275 5766.179874318859),Bachelors,2
POINT (-1033.1767361471275 5766.179874318859),Graduate,1
POINT (-1033.1767361471275 5766.179874318859),HighSchoolOrCollege,2
POINT (-1034.4629823865148 3711.3026228381386),HighSchoolOrCollege,6
POINT (-1034.4629823865148 3711.3026228381386),Low,1
POINT (-1089.9889021305112 4455.822342476473),Bachelors,1
POINT (-1089.9889021305112 4455.822342476473),Graduate,1
POINT (-1089.9889021305112 4455.822342476473),HighSchoolOrCollege,3
POINT (-1096.0839701505342 4912.223245927846),Bachelors,3
POINT (-1096.0839701505342 4912.223245927846),HighSchoolOrCollege,2
POINT (-1096.0839701505342 4912.223245927846),Low,1
POINT (-1104.6810874856722 4468.581510395101),Bachelors,3
POINT (-1104.6810874856722 4468.581510395101),Graduate,2
POINT (-1104.6810874856722 4468.581510395101),HighSchoolOrCollege,1
POINT (-1104.6810874856722 4468.581510395101),Low,1
POINT (-1241.6483470328672 3722.01804223004),Graduate,1
POINT (-1241.6483470328672 3722.01804223004),HighSchoolOrCollege,2
POINT (-1275.0132591831693 5248.064077146062),Bachelors,3
POINT (-1275.0132591831693 5248.064077146062),HighSchoolOrCollege,5
POINT (-1275.0132591831693 5248.064077146062),Low,1
POINT (-129.40600692752216 3983.3015893368247),Graduate,1
POINT (-129.40600692752216 3983.3015893368247),HighSchoolOrCollege,1
POINT (-1349.8842287593952 1610.4623628717086),Bachelors,2
POINT (-1349.8842287593952 1610.4623628717086),Graduate,2
POINT (-1349.8842287593952 1610.4623628717086),HighSchoolOrCollege,1
POINT (-1398.3957137180148 4280.0291470642405),Graduate,1
POINT (-1398.3957137180148 4280.0291470642405),HighSchoolOrCollege,7
POINT (-1403.8103454524935 4457.26433207949),HighSchoolOrCollege,4
POINT (-1403.8103454524935 4457.26433207949),Low,2
POINT (-1475.3580476204697 4473.948598738494),HighSchoolOrCollege,2
POINT (-1475.3580476204697 4473.948598738494),Low,2
POINT (-1496.9713369216481 4493.171613333192),Graduate,1
POINT (-1496.9713369216481 4493.171613333192),HighSchoolOrCollege,1
POINT (-1499.9043260061567 4258.263943913515),Bachelors,1
POINT (-1499.9043260061567 4258.263943913515),HighSchoolOrCollege,3
POINT (-1506.2062401757785 4764.893776885248),HighSchoolOrCollege,2
POINT (-1567.7082661009404 4491.2624087298655),HighSchoolOrCollege,3
POINT (-1590.4202895493163 4258.263943913515),Bachelors,1
POINT (-1590.4202895493163 4258.263943913515),HighSchoolOrCollege,1
POINT (-1590.604526018032 4166.9915883892645),Bachelors,3
POINT (-1590.604526018032 4166.9915883892645),HighSchoolOrCollege,2
POINT (-1670.937273533352 4186.622203455871),Graduate,2
POINT (-1670.937273533352 4186.622203455871),HighSchoolOrCollege,7
POINT (-1674.8630003427375 1638.1520588255166),Bachelors,2
POINT (-1674.8630003427375 1638.1520588255166),HighSchoolOrCollege,3
POINT (-1674.8630003427375 1638.1520588255166),Low,1
POINT (-1680.9362530924764 4258.263943913515),Bachelors,2
POINT (-1680.9362530924764 4258.263943913515),Graduate,1
POINT (-1680.9362530924764 4258.263943913515),HighSchoolOrCollege,3
POINT (-1683.9788287469512 4166.34595719268),Graduate,1
POINT (-1683.9788287469512 4166.34595719268),HighSchoolOrCollege,1
POINT (-1684.5679842891263 3880.0711276345087),Bachelors,1
POINT (-1684.5679842891263 3880.0711276345087),Graduate,1
POINT (-1684.5679842891263 3880.0711276345087),HighSchoolOrCollege,3
POINT (-170.84228756724124 3790.7387811979065),Bachelors,1
POINT (-170.84228756724124 3790.7387811979065),HighSchoolOrCollege,1
POINT (-170.84228756724124 3790.7387811979065),Low,2
POINT (-173.36434821207166 3690.962126114104),Graduate,1
POINT (-173.36434821207166 3690.962126114104),HighSchoolOrCollege,1
POINT (-173.36434821207166 3690.962126114104),Low,1
POINT (-1730.46161795225 5925.860203271363),HighSchoolOrCollege,4
POINT (-1730.46161795225 5925.860203271363),Low,1
POINT (-1771.452216635636 4258.263943913515),HighSchoolOrCollege,3
POINT (-1771.452216635636 4386.238292917949),Graduate,1
POINT (-1771.452216635636 4386.238292917949),HighSchoolOrCollege,4
POINT (-1771.452216635636 4386.238292917949),Low,1
POINT (-1784.078473278472 4571.813634096875),Graduate,3
POINT (-1784.078473278472 4571.813634096875),HighSchoolOrCollege,4
POINT (-1784.078473278472 4571.813634096875),Low,1
POINT (-1849.997168394888 1744.6010147106394),Bachelors,1
POINT (-1885.1886006319482 4569.0851981845035),Bachelors,1
POINT (-1885.1886006319482 4569.0851981845035),Graduate,1
POINT (-1885.1886006319482 4569.0851981845035),HighSchoolOrCollege,1
POINT (-1903.2691698783528 4549.78019591636),Bachelors,4
POINT (-1903.2691698783528 4549.78019591636),HighSchoolOrCollege,6
POINT (-1912.6667454275262 5288.50006673243),Graduate,1
POINT (-1912.6667454275262 5288.50006673243),HighSchoolOrCollege,1
POINT (-1936.1772434479183 5280.458797272058),Graduate,1
POINT (-1936.1772434479183 5280.458797272058),HighSchoolOrCollege,1
POINT (-1967.8258905516104 4254.2510682971215),Bachelors,1
POINT (-1967.8258905516104 4254.2510682971215),HighSchoolOrCollege,3
POINT (-1967.8258905516104 4299.950272203162),Graduate,1
POINT (-1967.8258905516104 4299.950272203162),HighSchoolOrCollege,1
POINT (-1967.8258905516104 4299.950272203162),Low,1
POINT (-1968.219929915483 3886.9152696618244),Bachelors,1
POINT (-1968.219929915483 3886.9152696618244),HighSchoolOrCollege,1
POINT (-1968.219929915483 4032.689324603983),Bachelors,2
POINT (-1968.219929915483 4032.689324603983),Graduate,1
POINT (-1968.219929915483 4032.689324603983),HighSchoolOrCollege,2
POINT (-1968.219929915483 4032.689324603983),Low,3
POINT (-1982.7850080737494 4381.550830536558),Bachelors,1
POINT (-1982.7850080737494 4381.550830536558),Graduate,2
POINT (-1982.7850080737494 4381.550830536558),HighSchoolOrCollege,3
POINT (-1982.7850080737494 4381.550830536558),Low,9
POINT (-1985.985052430187 4683.882031145004),Bachelors,2
POINT (-1985.985052430187 4683.882031145004),Graduate,2
POINT (-1985.985052430187 4683.882031145004),HighSchoolOrCollege,1
POINT (-1985.985052430187 4683.882031145004),Low,1
POINT (-2000.3032213302695 4184.061539506543),Bachelors,2
POINT (-2000.3032213302695 4184.061539506543),HighSchoolOrCollege,3
POINT (-2000.3032213302695 4184.061539506543),Low,1
POINT (-2010.8517708960426 5283.76492656323),Bachelors,3
POINT (-2010.8517708960426 5283.76492656323),HighSchoolOrCollege,4
POINT (-2101.689510602101 4262.490673412702),HighSchoolOrCollege,2
POINT (-2107.0655661560804 4184.061539506543),Bachelors,2
POINT (-2107.0655661560804 4184.061539506543),HighSchoolOrCollege,1
POINT (-2148.436841916328 5261.788712538423),Bachelors,2
POINT (-2148.436841916328 5261.788712538423),HighSchoolOrCollege,5
POINT (-2148.436841916328 5261.788712538423),Low,1
POINT (-2195.7632940592357 5124.807852313174),Bachelors,2
POINT (-2195.7632940592357 5124.807852313174),Graduate,1
POINT (-2195.7632940592357 5124.807852313174),HighSchoolOrCollege,2
POINT (-2198.792729602534 4271.178583140792),Graduate,1
POINT (-2198.792729602534 4271.178583140792),HighSchoolOrCollege,1
POINT (-2200.279972988196 3572.4693137151007),Bachelors,1
POINT (-2200.279972988196 3572.4693137151007),Graduate,1
POINT (-2200.279972988196 3572.4693137151007),HighSchoolOrCollege,2
POINT (-2200.279972988196 3572.4693137151007),Low,1
POINT (-2202.659451917056 3327.781752937518),HighSchoolOrCollege,3
POINT (-2202.659451917056 3456.928318795747),Bachelors,1
POINT (-2202.659451917056 3456.928318795747),Graduate,1
POINT (-2202.659451917056 3456.928318795747),HighSchoolOrCollege,4
POINT (-2231.66793504236 2598.728790351024),Bachelors,1
POINT (-2231.66793504236 2598.728790351024),HighSchoolOrCollege,2
POINT (-2235.2922404843403 5106.71812915923),Graduate,1
POINT (-2235.2922404843403 5106.71812915923),HighSchoolOrCollege,3
POINT (-2236.8263209885145 5274.27538066303),Bachelors,1
POINT (-2236.8263209885145 5274.27538066303),Graduate,2
POINT (-2236.8263209885145 5274.27538066303),HighSchoolOrCollege,1
POINT (-2236.8263209885145 5274.27538066303),Low,3
POINT (-2240.4913941583936 5198.567602243795),HighSchoolOrCollege,2
POINT (-2330.4222998927135 2944.7204566724226),Bachelors,1
POINT (-2330.4222998927135 2944.7204566724226),Graduate,2
POINT (-2330.4222998927135 2944.7204566724226),HighSchoolOrCollege,3
POINT (-2330.4222998927135 2982.861013084039),Bachelors,2
POINT (-2330.4222998927135 2982.861013084039),HighSchoolOrCollege,3
POINT (-2363.1419320065197 2673.8808116595965),Bachelors,1
POINT (-2363.1419320065197 2673.8808116595965),HighSchoolOrCollege,3
POINT (-2363.1419320065197 2673.8808116595965),Low,1
POINT (-2364.178807858101 5198.1957151603365),Graduate,2
POINT (-2364.178807858101 5198.1957151603365),HighSchoolOrCollege,2
POINT (-2380.139484985013 2944.7204566724226),Bachelors,2
POINT (-2488.0018597976323 5885.7340875007185),Graduate,1
POINT (-2488.0018597976323 5885.7340875007185),HighSchoolOrCollege,5
POINT (-250.10250760487784 4857.0064836405545),Bachelors,1
POINT (-250.10250760487784 4857.0064836405545),Graduate,1
POINT (-250.10250760487784 4857.0064836405545),HighSchoolOrCollege,2
POINT (-250.10250760487784 4857.0064836405545),Low,2
POINT (-251.55200766343 4701.616285011303),HighSchoolOrCollege,6
POINT (-2616.4800271638437 6497.734086456471),HighSchoolOrCollege,6
POINT (-2616.4800271638437 6541.191811600034),Bachelors,1
POINT (-2616.4800271638437 6541.191811600034),HighSchoolOrCollege,5
POINT (-2616.4800271638437 6541.191811600034),Low,1
POINT (-271.3160303970743 4985.574640487972),Bachelors,1
POINT (-271.3160303970743 4985.574640487972),HighSchoolOrCollege,1
POINT (-2724.188038485895 6717.649856866765),HighSchoolOrCollege,5
POINT (-276.66830053571516 5125.990451518039),Graduate,1
POINT (-276.66830053571516 5125.990451518039),HighSchoolOrCollege,3
POINT (-2847.855610673995 6663.900855198909),Bachelors,2
POINT (-2909.0282137217323 6510.130398749252),Bachelors,1
POINT (-2909.0282137217323 6510.130398749252),HighSchoolOrCollege,6
POINT (-294.35496310306917 1795.1079117198856),HighSchoolOrCollege,2
POINT (-2992.288271256545 6202.617103468241),Bachelors,1
POINT (-2992.288271256545 6202.617103468241),Graduate,2
POINT (-3044.6480084760724 5950.665941497604),Graduate,1
POINT (-3044.6480084760724 5950.665941497604),HighSchoolOrCollege,1
POINT (-3048.226902478323 6283.8148275615595),Bachelors,2
POINT (-3048.226902478323 6283.8148275615595),HighSchoolOrCollege,3
POINT (-3061.6662672300545 5929.835547456925),HighSchoolOrCollege,3
POINT (-3079.473260122901 6283.8148275615595),Graduate,2
POINT (-3079.473260122901 6283.8148275615595),HighSchoolOrCollege,4
POINT (-3098.599452999811 6628.6729119697975),Graduate,1
POINT (-3098.599452999811 6628.6729119697975),HighSchoolOrCollege,6
POINT (-3098.599452999811 6628.6729119697975),Low,1
POINT (-3136.1278958093117 6628.6729119697975),Bachelors,3
POINT (-3136.1278958093117 6628.6729119697975),Graduate,1
POINT (-3136.1278958093117 6628.6729119697975),HighSchoolOrCollege,5
POINT (-3136.1278958093117 6628.6729119697975),Low,5
POINT (-3149.9034099651917 5907.34610112186),Graduate,1
POINT (-3149.9034099651917 5907.34610112186),HighSchoolOrCollege,2
POINT (-3195.7106978818483 6669.514454239059),HighSchoolOrCollege,1
POINT (-3205.791803054025 7158.9906355191815),Bachelors,2
POINT (-3205.791803054025 7158.9906355191815),HighSchoolOrCollege,2
POINT (-3205.791803054025 7158.9906355191815),Low,1
POINT (-3209.407405382886 6191.725466095112),HighSchoolOrCollege,7
POINT (-3209.738139187618 6522.748316725878),Bachelors,2
POINT (-3209.738139187618 6522.748316725878),HighSchoolOrCollege,2
POINT (-3209.738139187618 6522.748316725878),Low,2
POINT (-3209.738139187618 6557.838945386657),Bachelors,2
POINT (-3209.738139187618 6557.838945386657),Graduate,1
POINT (-3209.738139187618 6557.838945386657),HighSchoolOrCollege,5
POINT (-3210.355459657344 6648.152454626876),Bachelors,2
POINT (-3210.355459657344 6648.152454626876),Graduate,1
POINT (-3210.355459657344 6648.152454626876),HighSchoolOrCollege,2
POINT (-3210.355459657344 6648.152454626876),Low,3
POINT (-3221.2402871851464 6153.955275915399),Bachelors,3
POINT (-3221.2402871851464 6153.955275915399),HighSchoolOrCollege,3
POINT (-3233.0731689874065 6116.185085735686),Bachelors,1
POINT (-3233.0731689874065 6116.185085735686),HighSchoolOrCollege,6
POINT (-3233.0731689874065 6116.185085735686),Low,1
POINT (-3255.070596103328 5479.41178070503),Bachelors,1
POINT (-3255.070596103328 5479.41178070503),HighSchoolOrCollege,4
POINT (-3255.070596103328 5479.41178070503),Low,1
POINT (-3257.563509525645 5415.033051466755),Bachelors,1
POINT (-3257.563509525645 5415.033051466755),Graduate,1
POINT (-3257.563509525645 5415.033051466755),HighSchoolOrCollege,3
POINT (-3267.606054814424 6452.56705940432),Bachelors,2
POINT (-3267.606054814424 6452.56705940432),Graduate,2
POINT (-3267.606054814424 6452.56705940432),HighSchoolOrCollege,3
POINT (-328.8906021165615 1795.1079117198856),Graduate,1
POINT (-328.8906021165615 1795.1079117198856),HighSchoolOrCollege,2
POINT (-328.8906021165615 1795.1079117198856),Low,2
POINT (-3285.6340071544328 6326.229707307784),Bachelors,1
POINT (-3285.6340071544328 6326.229707307784),HighSchoolOrCollege,1
POINT (-3297.4064056514912 7156.152298524017),Bachelors,2
POINT (-3297.4064056514912 7156.152298524017),HighSchoolOrCollege,5
POINT (-3297.4064056514912 7156.152298524017),Low,3
POINT (-3300.166421375523 6148.413135904235),Bachelors,2
POINT (-3300.166421375523 6148.413135904235),Graduate,3
POINT (-3300.166421375523 6148.413135904235),HighSchoolOrCollege,3
POINT (-3313.211912858075 6185.8337275541235),Bachelors,1
POINT (-3313.211912858075 6185.8337275541235),Graduate,1
POINT (-3313.211912858075 6185.8337275541235),HighSchoolOrCollege,3
POINT (-3313.211912858075 6185.8337275541235),Low,4
POINT (-3325.5754177846347 5307.883074335268),Bachelors,1
POINT (-3325.5754177846347 5307.883074335268),Graduate,1
POINT (-3325.5754177846347 5307.883074335268),HighSchoolOrCollege,3
POINT (-3366.855921141151 5265.173730073946),Bachelors,2
POINT (-3366.855921141151 5265.173730073946),Low,1
POINT (-3366.855921141151 5307.883074335268),Bachelors,2
POINT (-3366.855921141151 5307.883074335268),Graduate,1
POINT (-3385.9171428962177 6106.353933788713),Bachelors,3
POINT (-3385.9171428962177 6106.353933788713),Graduate,1
POINT (-3385.9171428962177 6106.353933788713),HighSchoolOrCollege,2
POINT (-3433.3865437851464 7828.19605341454),Bachelors,2
POINT (-3433.3865437851464 7828.19605341454),HighSchoolOrCollege,1
POINT (-344.87724461848586 3683.020262283885),Bachelors,1
POINT (-344.87724461848586 3683.020262283885),Graduate,1
POINT (-344.87724461848586 3683.020262283885),HighSchoolOrCollege,4
POINT (-344.87724461848586 3683.020262283885),Low,1
POINT (-3448.9410759401935 6764.519625514673),Graduate,1
POINT (-3448.9410759401935 6764.519625514673),HighSchoolOrCollege,15
POINT (-3448.9410759401935 6764.519625514673),Low,2
POINT (-3455.755866902949 6846.648090702398),HighSchoolOrCollege,1
POINT (-3455.755866902949 6846.648090702398),Low,3
POINT (-3463.167738075059 7836.545593061912),Bachelors,1
POINT (-3463.167738075059 7836.545593061912),HighSchoolOrCollege,5
POINT (-3472.3085856843627 6781.220179840805),Graduate,1
POINT (-3480.17040400516 6856.274228255146),Bachelors,5
POINT (-3480.17040400516 6856.274228255146),HighSchoolOrCollege,2
POINT (-3528.306824887696 4886.547525269254),Bachelors,1
POINT (-3528.306824887696 4886.547525269254),Graduate,1
POINT (-3528.306824887696 4886.547525269254),HighSchoolOrCollege,3
POINT (-3532.3417312509846 5586.896700834855),Bachelors,2
POINT (-3532.3417312509846 5586.896700834855),HighSchoolOrCollege,4
POINT (-3556.8182888817087 6641.646724169853),Bachelors,1
POINT (-3556.8182888817087 6641.646724169853),HighSchoolOrCollege,3
POINT (-3556.8182888817087 6705.3104479782905),Bachelors,3
POINT (-3556.8182888817087 6705.3104479782905),Graduate,1
POINT (-3556.8182888817087 6705.3104479782905),HighSchoolOrCollege,4
POINT (-3565.1819079696543 6099.396253692319),Graduate,1
POINT (-3565.1819079696543 6099.396253692319),HighSchoolOrCollege,2
POINT (-3569.215604711074 4903.19250465635),Bachelors,2
POINT (-3569.215604711074 4903.19250465635),HighSchoolOrCollege,4
POINT (-3588.3242190090755 6798.416765323038),Bachelors,1
POINT (-3588.3242190090755 6798.416765323038),HighSchoolOrCollege,2
POINT (-3588.3242190090755 6798.416765323038),Low,4
POINT (-3588.8792873039974 6178.752204471673),Bachelors,3
POINT (-3588.8792873039974 6178.752204471673),Graduate,1
POINT (-3588.8792873039974 6178.752204471673),HighSchoolOrCollege,1
POINT (-3626.9857811665415 6864.377979830607),Bachelors,1
POINT (-3626.9857811665415 6864.377979830607),Graduate,1
POINT (-3676.9008460947675 6798.416765323038),HighSchoolOrCollege,1
POINT (-3697.997083892924 5406.876829329331),HighSchoolOrCollege,7
POINT (-3699.8519673978653 6540.218682083818),Bachelors,1
POINT (-3699.8519673978653 6540.218682083818),Graduate,1
POINT (-3699.8519673978653 6540.218682083818),HighSchoolOrCollege,4
POINT (-3699.8519673978653 6540.218682083818),Low,2
POINT (-3707.0822804277777 5086.911895550575),HighSchoolOrCollege,2
POINT (-3717.4879855839513 6703.2047004256),Bachelors,1
POINT (-3717.4879855839513 6703.2047004256),HighSchoolOrCollege,2
POINT (-3724.8780422091695 6559.417348100849),Bachelors,2
POINT (-3724.8780422091695 6559.417348100849),Graduate,1
POINT (-3724.8780422091695 6559.417348100849),HighSchoolOrCollege,5
POINT (-3724.8780422091695 6559.417348100849),Low,1
POINT (-3725.261225376805 6345.551342169127),Bachelors,3
POINT (-3725.261225376805 6345.551342169127),Graduate,1
POINT (-3725.261225376805 6345.551342169127),HighSchoolOrCollege,1
POINT (-3741.432303349839 5162.439641767197),Bachelors,1
POINT (-3741.432303349839 5162.439641767197),Graduate,1
POINT (-3741.432303349839 5162.439641767197),HighSchoolOrCollege,6
POINT (-3741.432303349839 5162.439641767197),Low,1
POINT (-3742.540064583217 5916.875246852485),Graduate,1
POINT (-3742.540064583217 5916.875246852485),HighSchoolOrCollege,4
POINT (-3748.3766341391333 5264.252683412442),Bachelors,2
POINT (-3748.3766341391333 5264.252683412442),Graduate,1
POINT (-3748.3766341391333 5264.252683412442),HighSchoolOrCollege,1
POINT (-3748.3766341391333 5264.252683412442),Low,4
POINT (-3759.480918044369 5179.602735764589),HighSchoolOrCollege,3
POINT (-3786.373075235378 4999.485452069126),Bachelors,1
POINT (-3786.373075235378 4999.485452069126),Graduate,1
POINT (-3796.1198513891923 6330.793189700022),Bachelors,1
POINT (-3796.1198513891923 6330.793189700022),HighSchoolOrCollege,5
POINT (-3796.1198513891923 6367.922072582076),Bachelors,89
POINT (-3796.1198513891923 6367.922072582076),Graduate,43
POINT (-3796.1198513891923 6367.922072582076),HighSchoolOrCollege,135
POINT (-3796.1198513891923 6367.922072582076),Low,20
POINT (-3804.319468397756 5928.891714229324),Bachelors,3
POINT (-3813.2913987997836 5750.038441232494),Bachelors,3
POINT (-3813.2913987997836 5750.038441232494),Graduate,1
POINT (-3813.2913987997836 5750.038441232494),HighSchoolOrCollege,2
POINT (-3819.3395451914357 5136.905970442903),Bachelors,1
POINT (-3819.3395451914357 5136.905970442903),HighSchoolOrCollege,2
POINT (-3823.49246369498 5777.21975219098),HighSchoolOrCollege,2
POINT (-3833.6935285901764 5804.401063149466),Bachelors,1
POINT (-3833.6935285901764 5804.401063149466),Graduate,1
POINT (-3833.6935285901764 5804.401063149466),HighSchoolOrCollege,7
POINT (-3837.636675203619 5492.86911075103),Bachelors,1
POINT (-3837.636675203619 5492.86911075103),Graduate,2
POINT (-3837.636675203619 5492.86911075103),HighSchoolOrCollege,4
POINT (-3837.636675203619 5492.86911075103),Low,2
POINT (-3837.722151176433 6367.922072582076),Bachelors,1
POINT (-3837.722151176433 6367.922072582076),Graduate,3
POINT (-3837.722151176433 6367.922072582076),HighSchoolOrCollege,1
POINT (-3845.045732847575 5576.738358433912),Graduate,2
POINT (-3864.510743062192 5591.096494771966),Graduate,1
POINT (-3864.510743062192 5591.096494771966),HighSchoolOrCollege,3
POINT (-3873.9638746980395 5651.680013350011),HighSchoolOrCollege,4
POINT (-3927.9102395808727 5570.155155320008),Bachelors,1
POINT (-3927.9102395808727 5570.155155320008),Graduate,2
POINT (-3927.9102395808727 5570.155155320008),HighSchoolOrCollege,4
POINT (-3927.9102395808727 5570.155155320008),Low,1
POINT (-3968.209268500128 6628.224805854068),Bachelors,1
POINT (-3968.209268500128 6628.224805854068),Graduate,1
POINT (-3968.209268500128 6628.224805854068),HighSchoolOrCollege,1
POINT (-3972.0306074440496 5494.63962663673),Graduate,2
POINT (-3972.0306074440496 5494.63962663673),HighSchoolOrCollege,1
POINT (-3972.0306074440496 5494.63962663673),Low,1
POINT (-3973.0979051297536 5074.196536201016),Bachelors,1
POINT (-3973.0979051297536 5074.196536201016),HighSchoolOrCollege,1
POINT (-3973.0979051297536 5154.380353332814),Bachelors,3
POINT (-3973.0979051297536 5154.380353332814),HighSchoolOrCollege,2
POINT (-4002.9335312988205 6628.224805854068),HighSchoolOrCollege,1
POINT (-4002.9335312988205 6628.224805854068),Low,1
POINT (-4017.808180711095 6949.612770383012),Bachelors,2
POINT (-4017.808180711095 6949.612770383012),Graduate,1
POINT (-4017.808180711095 6949.612770383012),HighSchoolOrCollege,1
POINT (-4024.211498692567 5693.927626980997),Bachelors,3
POINT (-4024.211498692567 5693.927626980997),HighSchoolOrCollege,2
POINT (-4067.560404648976 6647.483016330907),HighSchoolOrCollege,2
POINT (-4150.694543856866 5079.325752156183),HighSchoolOrCollege,1
POINT (-4153.336133623585 5376.423146435112),Bachelors,1
POINT (-4153.336133623585 5376.423146435112),HighSchoolOrCollege,4
POINT (-4153.336133623585 5376.423146435112),Low,1
POINT (-416.1482587338951 5854.826833733975),Graduate,1
POINT (-416.1482587338951 5854.826833733975),HighSchoolOrCollege,4
POINT (-416.1482587338951 5854.826833733975),Low,2
POINT (-4515.907604161345 4631.612406745221),Bachelors,1
POINT (-459.47416762396665 3608.0722709059037),HighSchoolOrCollege,1
POINT (-4597.345294446435 4632.743040664964),Bachelors,2
POINT (-4597.345294446435 4632.743040664964),Graduate,1
POINT (-468.02948129574554 4779.921390126033),Graduate,1
POINT (-468.02948129574554 4779.921390126033),HighSchoolOrCollege,1
POINT (-468.02948129574554 4846.264154979615),Graduate,1
POINT (-468.02948129574554 4846.264154979615),HighSchoolOrCollege,4
POINT (-5.816781980895537 3582.204933328363),Graduate,1
POINT (-5.816781980895537 3582.204933328363),HighSchoolOrCollege,5
POINT (-501.42676062779447 3608.0722709059037),HighSchoolOrCollege,8
POINT (-525.2260085411027 4093.343371642296),Bachelors,1
POINT (-525.2895730956825 4289.093106712981),Bachelors,1
POINT (-525.2895730956825 4289.093106712981),HighSchoolOrCollege,1
POINT (-525.2895730956825 4289.093106712981),Low,1
POINT (-580.0171765817988 5936.726442233701),Bachelors,2
POINT (-580.0171765817988 5936.726442233701),HighSchoolOrCollege,1
POINT (-625.2259566520925 4283.435087651933),HighSchoolOrCollege,3
POINT (-625.2259566520925 4283.435087651933),Low,1
POINT (-633.2986927355175 5354.847863423291),Bachelors,1
POINT (-633.2986927355175 5354.847863423291),HighSchoolOrCollege,1
POINT (-633.2986927355175 5354.847863423291),Low,2
POINT (-643.7038073647876 5917.381045442618),Bachelors,2
POINT (-643.7038073647876 5917.381045442618),Graduate,2
POINT (-643.7038073647876 5917.381045442618),HighSchoolOrCollege,3
POINT (-643.7038073647876 5917.381045442618),Low,2
POINT (-654.0366978538146 3632.0760648960236),Graduate,2
POINT (-654.0366978538146 3632.0760648960236),HighSchoolOrCollege,3
POINT (-657.7838584306992 5932.81369824289),HighSchoolOrCollege,3
POINT (-671.8639094966109 5917.381045442618),HighSchoolOrCollege,5
POINT (-692.7127197082955 5040.3388326223985),HighSchoolOrCollege,2
POINT (-692.7127197082955 5040.3388326223985),Low,1
POINT (-692.9825370378298 4950.223259408762),Graduate,1
POINT (-692.9825370378298 4950.223259408762),HighSchoolOrCollege,2
POINT (-711.2265332697073 3649.718385741581),Bachelors,1
POINT (-711.2265332697073 3649.718385741581),Graduate,1
POINT (-711.2265332697073 3649.718385741581),HighSchoolOrCollege,3
POINT (-746.0297799695958 4008.345279959909),Bachelors,2
POINT (-746.0297799695958 4008.345279959909),HighSchoolOrCollege,2
POINT (-746.0297799695958 4008.345279959909),Low,1
POINT (-746.105838089235 5429.550547514793),Bachelors,1
POINT (-746.105838089235 5429.550547514793),HighSchoolOrCollege,3
POINT (-746.105838089235 5478.005756514865),Graduate,1
POINT (-746.105838089235 5478.005756514865),HighSchoolOrCollege,2
POINT (-749.8180735661666 5847.491401868583),Bachelors,1
POINT (-749.8180735661666 5847.491401868583),HighSchoolOrCollege,16
POINT (-769.6207629156387 3991.9429115396124),Bachelors,1
POINT (-769.6207629156387 3991.9429115396124),Graduate,3
POINT (-769.6207629156387 3991.9429115396124),HighSchoolOrCollege,1
POINT (-769.6207629156387 3991.9429115396124),Low,1
POINT (-784.6236528229551 4863.66806749154),Bachelors,2
POINT (-784.6236528229551 4863.66806749154),HighSchoolOrCollege,1
POINT (-784.6236528229551 4940.6907489765335),Bachelors,3
POINT (-784.6236528229551 4940.6907489765335),HighSchoolOrCollege,1
POINT (-784.6236528229551 4940.6907489765335),Low,1
POINT (-804.6120047431612 5042.0163759841835),Bachelors,1
POINT (-804.6120047431612 5042.0163759841835),HighSchoolOrCollege,3
POINT (-81.95690431663532 1423.077479497391),Graduate,1
POINT (-81.95690431663532 1423.077479497391),HighSchoolOrCollege,4
POINT (-811.6790007765514 4695.717947460926),Bachelors,1
POINT (-811.6790007765514 4695.717947460926),Graduate,1
POINT (-811.6790007765514 4695.717947460926),HighSchoolOrCollege,2
POINT (-82.06554016401982 1511.1129553803012),Bachelors,2
POINT (-82.06554016401982 1511.1129553803012),Graduate,1
POINT (-82.06554016401982 1511.1129553803012),HighSchoolOrCollege,3
POINT (-820.4751468446739 4770.301635511239),Bachelors,1
POINT (-820.4751468446739 4770.301635511239),Graduate,1
POINT (-820.4751468446739 4770.301635511239),HighSchoolOrCollege,2
POINT (-826.2456539995576 5240.884421871655),Graduate,2
POINT (-826.2456539995576 5240.884421871655),HighSchoolOrCollege,1
POINT (-831.1509970580761 4313.035927387888),Bachelors,1
POINT (-831.1509970580761 4313.035927387888),HighSchoolOrCollege,4
POINT (-831.9562922398395 4676.4089408349555),HighSchoolOrCollege,1
POINT (-836.719215114457 4482.040750623393),Bachelors,1
POINT (-836.719215114457 4482.040750623393),HighSchoolOrCollege,1
POINT (-836.8537841209326 4575.535706396641),HighSchoolOrCollege,2
POINT (-840.6753278188867 5842.41531956319),HighSchoolOrCollege,2
POINT (-840.6753278188867 5842.41531956319),Low,1
POINT (-855.2484275272525 4593.770197855418),Graduate,1
POINT (-855.2484275272525 4593.770197855418),HighSchoolOrCollege,5
POINT (-86.78279548948817 4702.886440892045),HighSchoolOrCollege,2
POINT (-885.2966139548657 1555.9764946386085),Bachelors,3
POINT (-885.2966139548657 1555.9764946386085),Graduate,2
POINT (-885.2966139548657 1555.9764946386085),HighSchoolOrCollege,3
POINT (-903.1271422325927 1570.7679946298354),HighSchoolOrCollege,3
POINT (-904.2325319573049 1335.9506479412894),Bachelors,2
POINT (-904.2325319573049 1335.9506479412894),Graduate,1
POINT (-904.2325319573049 1335.9506479412894),HighSchoolOrCollege,1
POINT (-911.019048928239 4853.786158585597),Bachelors,1
POINT (-911.019048928239 4853.786158585597),HighSchoolOrCollege,1
POINT (-981.7218378806529 4774.377841270679),Graduate,1
POINT (-996.7808287569317 4750.184044489247),HighSchoolOrCollege,2
POINT (1004.1152674725888 4462.540163068401),Bachelors,1
POINT (1004.1152674725888 4462.540163068401),Graduate,1
POINT (1004.1152674725888 4462.540163068401),HighSchoolOrCollege,2
POINT (1105.2630658126443 3730.801103253373),Graduate,1
POINT (1105.2630658126443 3730.801103253373),HighSchoolOrCollege,4
POINT (1122.7448164206246 4383.066969959758),Graduate,1
POINT (1122.7448164206246 4383.066969959758),HighSchoolOrCollege,3
POINT (1122.7448164206246 4383.066969959758),Low,1
POINT (1174.5599898893972 3684.5515693344405),Graduate,1
POINT (1174.5599898893972 3684.5515693344405),HighSchoolOrCollege,3
POINT (1207.490101417887 4007.885706041321),HighSchoolOrCollege,4
POINT (1207.490101417887 4007.885706041321),Low,1
POINT (1273.4344092361837 1252.930095226732),Graduate,1
POINT (1273.4344092361837 1252.930095226732),HighSchoolOrCollege,3
POINT (1376.3976505541523 4822.779542501879),Bachelors,2
POINT (1376.3976505541523 4822.779542501879),HighSchoolOrCollege,2
POINT (1376.3976505541523 4861.346259046002),Graduate,1
POINT (1376.3976505541523 4861.346259046002),HighSchoolOrCollege,1
POINT (1376.3976505541523 4861.346259046002),Low,1
POINT (1496.4456131589884 4021.741043075247),Bachelors,3
POINT (1496.4456131589884 4021.741043075247),HighSchoolOrCollege,2
POINT (1499.3204774627252 4304.553083816536),Graduate,1
POINT (1499.3204774627252 4304.553083816536),HighSchoolOrCollege,6
POINT (1535.4111740520664 4021.741043075247),Bachelors,2
POINT (1535.4111740520664 4021.741043075247),Graduate,1
POINT (1535.4111740520664 4021.741043075247),HighSchoolOrCollege,2
POINT (1626.36173317109 4226.189405838731),Bachelors,1
POINT (1626.36173317109 4226.189405838731),HighSchoolOrCollege,4
POINT (1677.4145716575592 4234.689307976414),HighSchoolOrCollege,4
POINT (1677.4145716575592 4234.689307976414),Low,1
POINT (170.74694042286592 4771.135720847398),Bachelors,3
POINT (170.74694042286592 4771.135720847398),Graduate,1
POINT (170.74694042286592 4771.135720847398),HighSchoolOrCollege,10
POINT (1749.107722959826 4023.6598528872755),Bachelors,1
POINT (1749.107722959826 4023.6598528872755),Graduate,1
POINT (1749.107722959826 4023.6598528872755),HighSchoolOrCollege,3
POINT (2026.3999572104358 4142.402774048681),Bachelors,2
POINT (2026.3999572104358 4142.402774048681),Graduate,2
POINT (2026.3999572104358 4142.402774048681),HighSchoolOrCollege,2
POINT (2130.281249848629 4828.020411811667),Bachelors,3
POINT (2130.281249848629 4828.020411811667),HighSchoolOrCollege,23
POINT (231.13884534051988 1095.6471792268785),Bachelors,1
POINT (231.13884534051988 1095.6471792268785),Graduate,1
POINT (231.13884534051988 1095.6471792268785),HighSchoolOrCollege,3
POINT (2630 4050),HighSchoolOrCollege,2
POINT (286.586327845334 1725.5999247626096),Bachelors,1
POINT (286.586327845334 1725.5999247626096),HighSchoolOrCollege,1
POINT (286.586327845334 1725.5999247626096),Low,1
POINT (318.94970745415804 1033.1806025214216),Bachelors,1
POINT (318.94970745415804 1033.1806025214216),HighSchoolOrCollege,2
POINT (39.59877121487088 1259.7742218297456),Bachelors,1
POINT (39.59877121487088 1259.7742218297456),Graduate,2
POINT (39.59877121487088 1259.7742218297456),HighSchoolOrCollege,2
POINT (412.9860808984934 1033.1806025214216),Graduate,3
POINT (412.9860808984934 1033.1806025214216),HighSchoolOrCollege,3
POINT (447.7528813037526 4446.320032225456),Bachelors,1
POINT (447.7528813037526 4446.320032225456),Graduate,1
POINT (447.7528813037526 4446.320032225456),HighSchoolOrCollege,1
POINT (448.79913987469365 4328.78174286464),Bachelors,1
POINT (448.79913987469365 4328.78174286464),Graduate,1
POINT (448.79913987469365 4328.78174286464),HighSchoolOrCollege,2
POINT (448.79913987469365 4328.78174286464),Low,1
POINT (496.2476568904982 1686.1524496266945),HighSchoolOrCollege,2
POINT (496.2476568904982 1686.1524496266945),Low,1
POINT (507.31810222892034 1381.6774426214972),Bachelors,1
POINT (507.31810222892034 1381.6774426214972),Graduate,2
POINT (507.31810222892034 1381.6774426214972),HighSchoolOrCollege,1
POINT (507.31810222892034 1381.6774426214972),Low,1
POINT (585.2216880077107 3622.7180435904966),Graduate,2
POINT (585.2216880077107 3622.7180435904966),HighSchoolOrCollege,5
POINT (585.2216880077107 3622.7180435904966),Low,1
POINT (609.8156412485578 787.4692664792319),HighSchoolOrCollege,2
POINT (611.8427226577171 2550.7250184246723),Bachelors,2
POINT (611.8427226577171 2550.7250184246723),HighSchoolOrCollege,4
POINT (650.4125958509642 1744.50624697462),Graduate,1
POINT (650.4125958509642 1744.50624697462),HighSchoolOrCollege,3
POINT (650.4125958509642 1744.50624697462),Low,1
POINT (660.2070252315734 3532.331326221758),HighSchoolOrCollege,2
POINT (660.2070252315734 3610.994566867167),Bachelors,3
POINT (660.2070252315734 3610.994566867167),Graduate,3
POINT (660.2070252315734 3610.994566867167),HighSchoolOrCollege,1
POINT (670.3987400004884 1584.4743462106067),Bachelors,2
POINT (670.3987400004884 1584.4743462106067),HighSchoolOrCollege,2
POINT (707.1111664944394 2001.4772026036535),HighSchoolOrCollege,1
POINT (707.1111664944394 2001.4772026036535),Low,1
POINT (715.9086691087551 4418.132191398763),Bachelors,2
POINT (715.9086691087551 4418.132191398763),Graduate,3
POINT (715.9086691087551 4418.132191398763),Low,1
POINT (753.1769059100845 1739.395851679909),HighSchoolOrCollege,2
POINT (754.0987512384932 1394.0500627767071),Bachelors,1
POINT (754.0987512384932 1394.0500627767071),Graduate,1
POINT (754.0987512384932 1394.0500627767071),HighSchoolOrCollege,2
POINT (789.621374888836 1269.8729153421614),HighSchoolOrCollege,3
POINT (789.621374888836 1269.8729153421614),Low,1
POINT (800.6342599068146 4103.165163999878),Graduate,2
POINT (800.6342599068146 4103.165163999878),HighSchoolOrCollege,5
POINT (800.6342599068146 4103.165163999878),Low,1
POINT (813.0476801480482 4199.837241599387),Graduate,2
POINT (813.0476801480482 4199.837241599387),HighSchoolOrCollege,3
POINT (829.9556783260775 2163.4803049897623),Bachelors,3
POINT (829.9556783260775 2163.4803049897623),Graduate,2
POINT (829.9556783260775 2163.4803049897623),HighSchoolOrCollege,1
POINT (864.9382009582821 1556.3972795892669),Graduate,1
POINT (864.9382009582821 1556.3972795892669),HighSchoolOrCollege,1
POINT (865.149408963124 982.7393731902811),Graduate,1
POINT (865.149408963124 982.7393731902811),Low,1
POINT (868.902110395577 4390.34074468453),Bachelors,2
POINT (868.902110395577 4390.34074468453),Graduate,1
POINT (868.902110395577 4390.34074468453),HighSchoolOrCollege,3
POINT (868.902110395577 4390.34074468453),Low,1
POINT (877.2786575380362 1358.5441805909259),HighSchoolOrCollege,3
POINT (877.2786575380362 1358.5441805909259),Low,1
POINT (880.1644882398598 4339.7016557216575),Bachelors,1
POINT (880.1644882398598 4339.7016557216575),HighSchoolOrCollege,1
POINT (880.1644882398598 4339.7016557216575),Low,1
POINT (903.9691099852218 4220.741537877808),Bachelors,1
POINT (903.9691099852218 4220.741537877808),Graduate,1
POINT (903.9691099852218 4220.741537877808),HighSchoolOrCollege,2
POINT (916.9315425022253 4292.958506850986),Bachelors,1
POINT (916.9315425022253 4292.958506850986),Graduate,1
POINT (916.9315425022253 4292.958506850986),HighSchoolOrCollege,1
POINT (917.1190165763343 2102.895037900609),Bachelors,1
POINT (917.1190165763343 2102.895037900609),Graduate,2
POINT (917.1190165763343 2102.895037900609),HighSchoolOrCollege,3
POINT (917.1190165763343 2102.895037900609),Low,1
POINT (973.2374190327052 3805.640410966102),Bachelors,1
POINT (973.2374190327052 3805.640410966102),Graduate,2
POINT (973.2374190327052 3805.640410966102),HighSchoolOrCollege,3
POINT (991.3270590871906 4100.917174659022),Bachelors,2
POINT (991.3270590871906 4100.917174659022),HighSchoolOrCollege,1
POINT (991.3270590871906 4100.917174659022),Low,1
POINT (994.4462620941047 3762.3654281251634),Graduate,1
POINT (994.4462620941047 3762.3654281251634),HighSchoolOrCollege,2
